{"credit": "Prikols", "texture_size": [64, 64], "textures": {"2": "_akram14_", "particle": "_akram14_"}, "elements": [{"from": [4.5, 7, 5.5], "to": [11.5, 14, 12.5], "rotation": {"angle": 0, "axis": "x", "origin": [8, 7, 8.5]}, "faces": {"north": {"uv": [2, 2, 4, 4], "texture": "#2"}, "east": {"uv": [0, 2, 2, 4], "texture": "#2"}, "south": {"uv": [6, 2, 8, 4], "texture": "#2"}, "west": {"uv": [4, 2, 6, 4], "texture": "#2"}, "up": {"uv": [4, 2, 2, 0], "texture": "#2"}, "down": {"uv": [6, 0, 4, 2], "texture": "#2"}}}, {"from": [4.25, 6.75, 5.25], "to": [11.75, 14.25, 12.75], "rotation": {"angle": 0, "axis": "y", "origin": [8, 7, 8.5]}, "faces": {"north": {"uv": [10, 2, 12, 4], "texture": "#2"}, "east": {"uv": [8, 2, 10, 4], "texture": "#2"}, "south": {"uv": [14, 2, 16, 4], "texture": "#2"}, "west": {"uv": [12, 2, 14, 4], "texture": "#2"}, "up": {"uv": [10, 0, 12, 2], "rotation": 180, "texture": "#2"}, "down": {"uv": [12, 0, 14, 2], "texture": "#2"}}}, {"from": [5, 0.35, 9], "to": [11, 8.35, 14], "rotation": {"angle": -22.5, "axis": "x", "origin": [8, 0.5, 10]}, "faces": {"north": {"uv": [5, 5, 7, 8], "texture": "#2"}, "east": {"uv": [7, 5, 8, 8], "texture": "#2"}, "south": {"uv": [8, 5, 10, 8], "texture": "#2"}, "west": {"uv": [4, 5, 5, 8], "texture": "#2"}, "up": {"uv": [7, 5, 5, 4], "texture": "#2"}, "down": {"uv": [9, 4, 7, 5], "texture": "#2"}}}, {"from": [4.8, 0.15, 8.8], "to": [11.2, 8.55, 14.2], "rotation": {"angle": -22.5, "axis": "x", "origin": [8, 0.5, 10]}, "faces": {"north": {"uv": [5, 9, 7, 12], "texture": "#2"}, "east": {"uv": [7, 9, 8, 12], "texture": "#2"}, "south": {"uv": [8, 9, 10, 12], "texture": "#2"}, "west": {"uv": [4, 9, 5, 12], "texture": "#2"}, "up": {"uv": [7, 9, 5, 8], "texture": "#2"}, "down": {"uv": [10, 8, 8, 9], "texture": "#2"}}}, {"from": [4, 3, 6], "to": [7, 6, 12], "rotation": {"angle": -45, "axis": "x", "origin": [8, 0, 9]}, "faces": {"north": {"uv": [10, 12, 11, 13], "texture": "#2"}, "east": {"uv": [8, 16, 9, 13], "rotation": 90, "texture": "#2"}, "south": {"uv": [9, 12, 10, 13], "texture": "#2"}, "west": {"uv": [11, 13, 12, 16], "rotation": 90, "texture": "#2"}, "up": {"uv": [10, 16, 9, 13], "texture": "#2"}, "down": {"uv": [11, 13, 10, 16], "texture": "#2"}}}, {"from": [3.75, 2.75, 5.75], "to": [7.25, 6.25, 12.25], "rotation": {"angle": -45, "axis": "x", "origin": [8, 0, 9]}, "faces": {"north": {"uv": [14, 12, 15, 13], "texture": "#2"}, "east": {"uv": [12, 13, 13, 16], "rotation": 270, "texture": "#2"}, "south": {"uv": [13, 12, 14, 13], "texture": "#2"}, "west": {"uv": [15, 13, 16, 16], "rotation": 90, "texture": "#2"}, "up": {"uv": [14, 16, 13, 13], "texture": "#2"}, "down": {"uv": [15, 13, 14, 16], "texture": "#2"}}}, {"from": [9, 3, 6], "to": [12, 6, 12], "rotation": {"angle": -45, "axis": "x", "origin": [8, 0, 9]}, "faces": {"north": {"uv": [12, 4, 13, 5], "texture": "#2"}, "east": {"uv": [10, 5, 11, 8], "rotation": 270, "texture": "#2"}, "south": {"uv": [11, 4, 12, 5], "texture": "#2"}, "west": {"uv": [13, 5, 14, 8], "rotation": 90, "texture": "#2"}, "up": {"uv": [12, 8, 11, 5], "texture": "#2"}, "down": {"uv": [13, 5, 12, 8], "texture": "#2"}}}, {"from": [8.75, 2.75, 5.75], "to": [12.25, 6.25, 12.25], "rotation": {"angle": -45, "axis": "x", "origin": [8, 0, 9]}, "faces": {"north": {"uv": [12, 8, 13, 9], "texture": "#2"}, "east": {"uv": [10, 12, 11, 9], "rotation": 90, "texture": "#2"}, "south": {"uv": [11, 8, 12, 9], "texture": "#2"}, "west": {"uv": [14, 9, 13, 12], "rotation": 90, "texture": "#2"}, "up": {"uv": [12, 12, 11, 9], "texture": "#2"}, "down": {"uv": [13, 9, 12, 12], "texture": "#2"}}}, {"from": [4, -0.1, 3], "to": [7, 2.9, 9], "rotation": {"angle": 45, "axis": "y", "origin": [8, 0, 9]}, "faces": {"north": {"uv": [6, 12, 7, 13], "texture": "#2"}, "east": {"uv": [6, 16, 5, 13], "rotation": 90, "texture": "#2"}, "south": {"uv": [6, 12, 5, 13], "texture": "#2"}, "west": {"uv": [7, 13, 8, 16], "rotation": 90, "texture": "#2"}, "up": {"uv": [7, 16, 6, 13], "texture": "#2"}, "down": {"uv": [5, 13, 4, 16], "texture": "#2"}}}, {"from": [3.75, -0.35, 2.75], "to": [7.25, 3.15, 9.25], "rotation": {"angle": 45, "axis": "y", "origin": [8, 0, 9]}, "faces": {"north": {"uv": [2, 12, 3, 13], "texture": "#2"}, "east": {"uv": [3, 16, 4, 13], "rotation": 90, "texture": "#2"}, "south": {"uv": [1, 12, 2, 13], "texture": "#2"}, "west": {"uv": [2, 13, 1, 16], "rotation": 90, "texture": "#2"}, "up": {"uv": [3, 16, 2, 13], "texture": "#2"}, "down": {"uv": [1, 13, 0, 16], "texture": "#2"}}}, {"from": [9, -0.1, 3], "to": [12, 2.9, 9], "rotation": {"angle": -45, "axis": "y", "origin": [8, 0, 9]}, "faces": {"north": {"uv": [2, 4, 3, 5], "texture": "#2"}, "east": {"uv": [4, 8, 3, 5], "rotation": 90, "texture": "#2"}, "south": {"uv": [2, 5, 1, 4], "texture": "#2"}, "west": {"uv": [1, 5, 2, 8], "rotation": 90, "texture": "#2"}, "up": {"uv": [1, 8, 0, 5], "texture": "#2"}, "down": {"uv": [3, 5, 2, 8], "texture": "#2"}}}, {"from": [8.75, -0.35, 2.75], "to": [12.25, 3.15, 9.25], "rotation": {"angle": -45, "axis": "y", "origin": [8, 0, 9]}, "faces": {"north": {"uv": [2, 8, 3, 9], "texture": "#2"}, "east": {"uv": [4, 12, 3, 9], "rotation": 90, "texture": "#2"}, "south": {"uv": [2, 9, 1, 8], "texture": "#2"}, "west": {"uv": [1, 9, 2, 12], "rotation": 90, "texture": "#2"}, "up": {"uv": [1, 12, 0, 9], "texture": "#2"}, "down": {"uv": [3, 9, 2, 12], "texture": "#2"}}}], "gui_light": "front", "display": {"thirdperson_righthand": {"rotation": [10, 0, -5], "translation": [0, 1, -1], "scale": [0.5, 0.5, 0.5]}, "thirdperson_lefthand": {"rotation": [10, 0, -5], "translation": [0, 1, -1], "scale": [0.5, 0.5, 0.5]}, "firstperson_righthand": {"rotation": [-10, 0, 0], "translation": [0, 2.5, 0], "scale": [0.5, 0.5, 0.5]}, "firstperson_lefthand": {"rotation": [-10, 0, 0], "translation": [0, 2.5, 0], "scale": [0.5, 0.5, 0.5]}, "ground": {"rotation": [25, 0, 0], "translation": [0, 3, 0], "scale": [0.7, 0.7, 0.7]}, "gui": {"rotation": [20, 160, 0], "translation": [0.5, 0, 0], "scale": [0.8, 0.8, 0.8]}, "head": {"translation": [0, 14.5, 0]}, "fixed": {"rotation": [-90, 0, 0], "translation": [0, -3.5, -16.5], "scale": [2, 2, 2]}}, "groups": [{"name": "fetch_plush", "origin": [8, 8, 8], "color": 0, "children": [{"name": "plushie", "origin": [8, 8, 8], "color": 0, "children": [{"name": "head", "origin": [8, 8, 8], "color": 0, "children": [0, 1]}, {"name": "body", "origin": [8, 8, 8], "color": 0, "children": [2, 3]}, {"name": "left_arm", "origin": [8, 8, 8], "color": 0, "children": [4, 5]}, {"name": "right_arm", "origin": [8, 8, 8], "color": 0, "children": [6, 7]}, {"name": "left_leg", "origin": [8, 8, 8], "color": 0, "children": [8, 9]}, {"name": "right_leg", "origin": [8, 8, 8], "color": 0, "children": [10, 11]}]}]}]}